clase,archivo,origen,tSNE_1,tSNE_2
N,New_N_001.wav,media_H_por_audio,-4.4527836,35.073776
N,New_N_002.wav,media_H_por_audio,-1.2562017,35.162407
N,New_N_003.wav,media_H_por_audio,-4.4623756,31.823086
N,New_N_004.wav,media_H_por_audio,-3.850707,36.03445
N,New_N_005.wav,media_H_por_audio,-4.770311,34.740692
N,New_N_006.wav,media_H_por_audio,-5.031461,31.51157
N,New_N_007.wav,media_H_por_audio,-3.9080832,32.013195
N,New_N_008.wav,media_H_por_audio,-5.7926407,35.08895
N,New_N_009.wav,media_H_por_audio,-3.1443334,36.468998
N,New_N_010.wav,media_H_por_audio,-7.4530077,34.50608
N,New_N_011.wav,media_H_por_audio,-4.356898,30.750101
N,New_N_012.wav,media_H_por_audio,-0.5815276,32.5635
N,New_N_013.wav,media_H_por_audio,-7.407248,33.13814
N,New_N_014.wav,media_H_por_audio,-3.5632389,33.23713
N,New_N_015.wav,media_H_por_audio,-1.9908103,36.48926
N,New_N_016.wav,media_H_por_audio,-3.526543,32.119114
N,New_N_017.wav,media_H_por_audio,-1.3143692,32.272472
N,New_N_018.wav,media_H_por_audio,-1.6284624,32.345432
N,New_N_019.wav,media_H_por_audio,-1.9862275,35.21798
N,New_N_020.wav,media_H_por_audio,-7.481884,34.469906
N,New_N_021.wav,media_H_por_audio,-3.3251216,36.305202
N,New_N_022.wav,media_H_por_audio,-4.7950606,31.594753
N,New_N_023.wav,media_H_por_audio,-5.2207804,32.39456
N,New_N_024.wav,media_H_por_audio,-2.7517996,31.040644
N,New_N_025.wav,media_H_por_audio,-6.2855563,33.24038
N,New_N_026.wav,media_H_por_audio,-1.814615,32.53284
N,New_N_027.wav,media_H_por_audio,-5.8344455,34.965904
N,New_N_028.wav,media_H_por_audio,-1.4635773,33.544792
N,New_N_029.wav,media_H_por_audio,-2.2799191,32.10486
N,New_N_030.wav,media_H_por_audio,-6.508676,32.668472
N,New_N_031.wav,media_H_por_audio,-5.9235096,34.547523
N,New_N_032.wav,media_H_por_audio,-4.0302615,35.23633
N,New_N_033.wav,media_H_por_audio,-4.439474,32.400555
N,New_N_034.wav,media_H_por_audio,-4.1121464,31.916002
N,New_N_035.wav,media_H_por_audio,-5.011377,34.006508
N,New_N_036.wav,media_H_por_audio,-6.900421,35.33447
N,New_N_037.wav,media_H_por_audio,0.26952162,1.195011
N,New_N_038.wav,media_H_por_audio,0.26537284,1.2141426
N,New_N_039.wav,media_H_por_audio,0.25619796,1.2144173
N,New_N_040.wav,media_H_por_audio,0.30761206,1.1862189
N,New_N_041.wav,media_H_por_audio,8.759737,34.497395
N,New_N_042.wav,media_H_por_audio,7.668124,32.819023
N,New_N_043.wav,media_H_por_audio,12.112414,31.806915
N,New_N_044.wav,media_H_por_audio,10.170621,33.57653
N,New_N_045.wav,media_H_por_audio,10.381089,34.015324
N,New_N_046.wav,media_H_por_audio,13.046822,33.252262
N,New_N_047.wav,media_H_por_audio,11.971032,31.68597
N,New_N_048.wav,media_H_por_audio,11.7301035,32.903854
N,New_N_049.wav,media_H_por_audio,12.505544,35.123474
N,New_N_050.wav,media_H_por_audio,13.00161,32.17653
N,New_N_051.wav,media_H_por_audio,12.394456,33.856693
N,New_N_052.wav,media_H_por_audio,10.45309,31.633902
N,New_N_053.wav,media_H_por_audio,12.310329,34.49286
N,New_N_054.wav,media_H_por_audio,7.914236,32.845535
N,New_N_055.wav,media_H_por_audio,12.0931225,31.74932
N,New_N_056.wav,media_H_por_audio,11.959886,33.995087
N,New_N_057.wav,media_H_por_audio,11.526967,35.87432
N,New_N_058.wav,media_H_por_audio,10.354204,34.793804
N,New_N_059.wav,media_H_por_audio,11.651736,33.646137
N,New_N_060.wav,media_H_por_audio,9.451908,35.189957
N,New_N_061.wav,media_H_por_audio,12.150267,35.593315
N,New_N_062.wav,media_H_por_audio,12.002034,34.406616
N,New_N_063.wav,media_H_por_audio,10.287247,33.261955
N,New_N_064.wav,media_H_por_audio,12.366239,35.11937
N,New_N_065.wav,media_H_por_audio,13.575681,33.28525
N,New_N_066.wav,media_H_por_audio,10.162563,34.54242
N,New_N_067.wav,media_H_por_audio,12.810618,35.980515
N,New_N_068.wav,media_H_por_audio,11.066478,34.932938
N,New_N_069.wav,media_H_por_audio,-1.4652617,37.55116
N,New_N_070.wav,media_H_por_audio,-1.353953,36.61457
N,New_N_071.wav,media_H_por_audio,4.209248,33.730152
N,New_N_072.wav,media_H_por_audio,0.6607984,30.786652
N,New_N_073.wav,media_H_por_audio,0.81396276,32.887558
N,New_N_074.wav,media_H_por_audio,3.4267893,34.017124
N,New_N_075.wav,media_H_por_audio,1.6446173,33.360325
N,New_N_076.wav,media_H_por_audio,-1.5459408,36.72287
N,New_N_077.wav,media_H_por_audio,4.1067133,32.661808
N,New_N_078.wav,media_H_por_audio,1.1577426,33.602726
N,New_N_079.wav,media_H_por_audio,1.2071531,33.0011
N,New_N_080.wav,media_H_por_audio,2.191861,33.344604
N,New_N_081.wav,media_H_por_audio,2.6760435,31.991531
N,New_N_082.wav,media_H_por_audio,4.166017,32.497566
N,New_N_083.wav,media_H_por_audio,2.2615654,33.64445
N,New_N_084.wav,media_H_por_audio,1.7453846,34.101467
N,New_N_085.wav,media_H_por_audio,2.839796,33.059612
N,New_N_086.wav,media_H_por_audio,0.70291543,34.688583
N,New_N_087.wav,media_H_por_audio,2.5795488,33.255283
N,New_N_088.wav,media_H_por_audio,1.691376,33.260166
N,New_N_089.wav,media_H_por_audio,-0.040135074,35.384365
N,New_N_090.wav,media_H_por_audio,-2.887757,38.035313
N,New_N_091.wav,media_H_por_audio,1.6286249,34.27479
N,New_N_092.wav,media_H_por_audio,1.1023622,34.208397
N,New_N_093.wav,media_H_por_audio,1.1297071,31.988693
N,New_N_094.wav,media_H_por_audio,3.738786,33.371872
N,New_N_095.wav,media_H_por_audio,2.9182847,32.06556
N,New_N_096.wav,media_H_por_audio,-2.234339,36.999645
N,New_N_097.wav,media_H_por_audio,0.8409625,34.406937
N,New_N_098.wav,media_H_por_audio,3.1355731,31.964506
N,New_N_099.wav,media_H_por_audio,12.713883,34.630318
N,New_N_100.wav,media_H_por_audio,12.873435,35.88946
N,New_N_101.wav,media_H_por_audio,10.730438,35.66933
N,New_N_102.wav,media_H_por_audio,11.835764,34.575245
N,New_N_103.wav,media_H_por_audio,10.782106,33.075577
N,New_N_104.wav,media_H_por_audio,9.307185,34.807125
N,New_N_105.wav,media_H_por_audio,13.417386,34.479664
N,New_N_106.wav,media_H_por_audio,13.084687,35.11359
N,New_N_107.wav,media_H_por_audio,13.0664,33.816376
N,New_N_108.wav,media_H_por_audio,8.703887,34.530277
N,New_N_109.wav,media_H_por_audio,11.408914,35.55197
N,New_N_110.wav,media_H_por_audio,9.329733,33.029305
N,New_N_111.wav,media_H_por_audio,12.894319,34.358208
N,New_N_112.wav,media_H_por_audio,8.382909,34.213577
N,New_N_113.wav,media_H_por_audio,11.438408,32.91143
N,New_N_114.wav,media_H_por_audio,11.782168,32.229565
N,New_N_115.wav,media_H_por_audio,9.230372,32.71402
N,New_N_116.wav,media_H_por_audio,13.32513,32.738777
N,New_N_117.wav,media_H_por_audio,11.15234,35.472
N,New_N_118.wav,media_H_por_audio,9.804648,34.955658
N,New_N_119.wav,media_H_por_audio,10.35751,31.627531
N,New_N_120.wav,media_H_por_audio,11.640749,35.10714
N,New_N_121.wav,media_H_por_audio,9.423309,33.278538
N,New_N_122.wav,media_H_por_audio,9.309937,32.59888
N,New_N_123.wav,media_H_por_audio,7.902202,32.90165
N,New_N_124.wav,media_H_por_audio,12.555581,35.573784
N,New_N_125.wav,media_H_por_audio,9.296927,32.07182
N,New_N_126.wav,media_H_por_audio,-16.216238,-24.262459
N,New_N_127.wav,media_H_por_audio,-17.241926,-24.579294
N,New_N_128.wav,media_H_por_audio,-17.64701,-25.25599
N,New_N_129.wav,media_H_por_audio,-17.589605,-24.720694
N,New_N_130.wav,media_H_por_audio,-17.256392,-24.133018
N,New_N_131.wav,media_H_por_audio,-15.827482,-24.110966
N,New_N_132.wav,media_H_por_audio,-17.791548,-23.727995
N,New_N_133.wav,media_H_por_audio,-16.981436,-23.977215
N,New_N_134.wav,media_H_por_audio,-17.270061,-23.63745
N,New_N_135.wav,media_H_por_audio,-16.990814,-23.852
N,New_N_136.wav,media_H_por_audio,-17.139132,-23.288876
N,New_N_137.wav,media_H_por_audio,-15.903461,-24.854368
N,New_N_138.wav,media_H_por_audio,-16.444248,-23.811762
N,New_N_139.wav,media_H_por_audio,-16.439575,-23.540789
N,New_N_140.wav,media_H_por_audio,-16.048885,-23.875372
N,New_N_141.wav,media_H_por_audio,-15.762402,-24.336332
N,New_N_142.wav,media_H_por_audio,-16.324785,-24.919382
N,New_N_143.wav,media_H_por_audio,-17.038948,-24.914171
N,New_N_144.wav,media_H_por_audio,-18.065962,-24.167982
N,New_N_145.wav,media_H_por_audio,-15.527499,-24.574102
N,New_N_146.wav,media_H_por_audio,-15.555672,-24.073961
N,New_N_147.wav,media_H_por_audio,-15.527023,-23.352177
N,New_N_148.wav,media_H_por_audio,-14.776756,-24.763403
N,New_N_149.wav,media_H_por_audio,-16.374578,-24.745153
N,New_N_150.wav,media_H_por_audio,-16.079435,-23.050594
N,New_N_151.wav,media_H_por_audio,-16.459568,-23.474207
N,New_N_152.wav,media_H_por_audio,-16.698168,-24.155418
N,New_N_153.wav,media_H_por_audio,-17.522484,-23.755915
N,New_N_154.wav,media_H_por_audio,-15.289195,-23.792131
N,New_N_155.wav,media_H_por_audio,-15.831056,-25.109428
N,New_N_156.wav,media_H_por_audio,-15.991206,-23.188494
N,New_N_157.wav,media_H_por_audio,-15.275913,-24.436422
N,New_N_158.wav,media_H_por_audio,-4.3575635,36.64004
N,New_N_159.wav,media_H_por_audio,-4.681454,35.440697
N,New_N_160.wav,media_H_por_audio,-4.364231,33.99147
N,New_N_161.wav,media_H_por_audio,-2.290784,34.35073
N,New_N_162.wav,media_H_por_audio,-1.7723082,32.189537
N,New_N_163.wav,media_H_por_audio,-5.716194,32.192257
N,New_N_164.wav,media_H_por_audio,2.7232034,33.85523
N,New_N_165.wav,media_H_por_audio,-3.490436,34.56204
N,New_N_166.wav,media_H_por_audio,-6.611551,31.617952
N,New_N_167.wav,media_H_por_audio,-5.308487,33.997448
N,New_N_168.wav,media_H_por_audio,-1.6115429,35.091255
N,New_N_169.wav,media_H_por_audio,-1.0462763,36.01918
N,New_N_170.wav,media_H_por_audio,-3.5935555,37.120464
N,New_N_171.wav,media_H_por_audio,-2.5035694,32.577194
N,New_N_172.wav,media_H_por_audio,-6.5728817,33.235348
N,New_N_173.wav,media_H_por_audio,-2.8426588,33.126667
N,New_N_174.wav,media_H_por_audio,-4.781394,32.062244
N,New_N_175.wav,media_H_por_audio,-7.4377947,34.70364
N,New_N_176.wav,media_H_por_audio,-6.1591835,34.212883
N,New_N_177.wav,media_H_por_audio,-6.3049817,32.822983
N,New_N_178.wav,media_H_por_audio,-0.62192535,33.782585
N,New_N_179.wav,media_H_por_audio,-6.17299,35.827847
N,New_N_180.wav,media_H_por_audio,-1.7783532,35.48448
N,New_N_181.wav,media_H_por_audio,-6.333122,32.718655
N,New_N_182.wav,media_H_por_audio,-3.5107365,34.78486
N,New_N_183.wav,media_H_por_audio,-5.271358,32.61529
N,New_N_184.wav,media_H_por_audio,-4.4603853,35.615902
N,New_N_185.wav,media_H_por_audio,-6.4415803,34.0721
N,New_N_186.wav,media_H_por_audio,-2.7541506,34.723244
N,New_N_187.wav,media_H_por_audio,-4.942587,35.737297
N,New_N_188.wav,media_H_por_audio,-2.4246802,35.92233
N,New_N_189.wav,media_H_por_audio,-2.3516948,36.151836
N,New_N_190.wav,media_H_por_audio,-2.1391122,35.497982
N,New_N_191.wav,media_H_por_audio,-0.05688199,32.72422
N,New_N_192.wav,media_H_por_audio,-5.649339,35.78911
N,New_N_193.wav,media_H_por_audio,-3.5006278,33.503475
N,New_N_194.wav,media_H_por_audio,-24.988306,-12.539344
N,New_N_195.wav,media_H_por_audio,-24.9532,-12.464832
N,New_N_196.wav,media_H_por_audio,-25.222578,-12.567094
N,New_N_197.wav,media_H_por_audio,-24.952677,-12.620507
N,New_N_198.wav,media_H_por_audio,-24.861286,-12.601879
N,New_N_199.wav,media_H_por_audio,-25.10204,-12.594723
N,New_N_200.wav,media_H_por_audio,-24.959753,-12.330829
AS,New_AS_001.wav,media_H_por_audio,33.37016,12.034654
AS,New_AS_002.wav,media_H_por_audio,33.404015,13.85194
AS,New_AS_003.wav,media_H_por_audio,32.46351,13.34055
AS,New_AS_004.wav,media_H_por_audio,33.29439,13.172226
AS,New_AS_005.wav,media_H_por_audio,33.51633,13.232323
AS,New_AS_006.wav,media_H_por_audio,32.77096,12.290967
AS,New_AS_007.wav,media_H_por_audio,32.83483,12.554032
AS,New_AS_008.wav,media_H_por_audio,33.183807,13.797119
AS,New_AS_009.wav,media_H_por_audio,32.82549,13.77654
AS,New_AS_010.wav,media_H_por_audio,33.63156,13.060992
AS,New_AS_011.wav,media_H_por_audio,32.93733,13.415636
AS,New_AS_012.wav,media_H_por_audio,33.186012,12.366885
AS,New_AS_013.wav,media_H_por_audio,33.469406,12.328771
AS,New_AS_014.wav,media_H_por_audio,32.220325,13.311459
AS,New_AS_015.wav,media_H_por_audio,32.48829,13.036661
AS,New_AS_016.wav,media_H_por_audio,33.64172,12.9887905
AS,New_AS_017.wav,media_H_por_audio,33.553406,13.634711
AS,New_AS_018.wav,media_H_por_audio,32.910084,12.800155
AS,New_AS_019.wav,media_H_por_audio,32.922466,12.0694065
AS,New_AS_020.wav,media_H_por_audio,32.3051,13.647513
AS,New_AS_021.wav,media_H_por_audio,32.7702,13.248709
AS,New_AS_022.wav,media_H_por_audio,33.5281,12.683779
AS,New_AS_023.wav,media_H_por_audio,33.925655,13.156683
AS,New_AS_024.wav,media_H_por_audio,32.84205,12.440295
AS,New_AS_025.wav,media_H_por_audio,31.199213,-12.638184
AS,New_AS_026.wav,media_H_por_audio,35.191853,-7.803226
AS,New_AS_027.wav,media_H_por_audio,35.21797,-9.080753
AS,New_AS_028.wav,media_H_por_audio,32.730076,-12.400989
AS,New_AS_029.wav,media_H_por_audio,33.806717,-12.929475
AS,New_AS_030.wav,media_H_por_audio,31.982649,-11.368133
AS,New_AS_031.wav,media_H_por_audio,30.61899,-13.472688
AS,New_AS_032.wav,media_H_por_audio,34.379803,-8.43177
AS,New_AS_033.wav,media_H_por_audio,33.803696,-9.635641
AS,New_AS_034.wav,media_H_por_audio,32.956573,-13.851252
AS,New_AS_035.wav,media_H_por_audio,35.754208,-12.11305
AS,New_AS_036.wav,media_H_por_audio,30.573095,-12.52905
AS,New_AS_037.wav,media_H_por_audio,32.13025,-13.582647
AS,New_AS_038.wav,media_H_por_audio,34.2232,-8.518978
AS,New_AS_039.wav,media_H_por_audio,33.50636,-9.987533
AS,New_AS_040.wav,media_H_por_audio,33.27955,-13.123791
AS,New_AS_041.wav,media_H_por_audio,34.341473,-12.106857
AS,New_AS_042.wav,media_H_por_audio,31.345087,-12.562525
AS,New_AS_043.wav,media_H_por_audio,32.056953,-11.470037
AS,New_AS_044.wav,media_H_por_audio,34.999302,-8.285389
AS,New_AS_045.wav,media_H_por_audio,33.240845,-9.477898
AS,New_AS_046.wav,media_H_por_audio,33.749237,-12.4901085
AS,New_AS_047.wav,media_H_por_audio,35.003136,-12.159044
AS,New_AS_048.wav,media_H_por_audio,32.11142,-15.860728
AS,New_AS_049.wav,media_H_por_audio,-30.857409,-23.442982
AS,New_AS_050.wav,media_H_por_audio,-31.820545,-22.742558
AS,New_AS_051.wav,media_H_por_audio,-31.358475,-22.279741
AS,New_AS_052.wav,media_H_por_audio,-32.21264,-22.118773
AS,New_AS_053.wav,media_H_por_audio,-31.486898,-21.64352
AS,New_AS_054.wav,media_H_por_audio,-31.002066,-21.588062
AS,New_AS_055.wav,media_H_por_audio,-30.2552,-22.032124
AS,New_AS_056.wav,media_H_por_audio,-32.30797,-21.947445
AS,New_AS_057.wav,media_H_por_audio,-31.781317,-21.372068
AS,New_AS_058.wav,media_H_por_audio,-31.172993,-21.943153
AS,New_AS_059.wav,media_H_por_audio,-31.524601,-21.47007
AS,New_AS_060.wav,media_H_por_audio,-31.992563,-21.727453
AS,New_AS_061.wav,media_H_por_audio,-30.799007,-21.573507
AS,New_AS_062.wav,media_H_por_audio,-31.537672,-23.280153
AS,New_AS_063.wav,media_H_por_audio,-31.95214,-22.628103
AS,New_AS_064.wav,media_H_por_audio,-31.654385,-22.158813
AS,New_AS_065.wav,media_H_por_audio,-30.4631,-22.615358
AS,New_AS_066.wav,media_H_por_audio,-31.437414,-22.866213
AS,New_AS_067.wav,media_H_por_audio,-31.067951,-22.410086
AS,New_AS_068.wav,media_H_por_audio,-31.790514,-23.521051
AS,New_AS_069.wav,media_H_por_audio,-30.461214,-22.577703
AS,New_AS_070.wav,media_H_por_audio,-31.883804,-22.649174
AS,New_AS_071.wav,media_H_por_audio,-30.55793,-21.90177
AS,New_AS_072.wav,media_H_por_audio,-31.174202,-22.504654
AS,New_AS_073.wav,media_H_por_audio,-30.680609,-22.590282
AS,New_AS_074.wav,media_H_por_audio,-32.382435,-22.280787
AS,New_AS_075.wav,media_H_por_audio,-30.288282,-22.977024
AS,New_AS_076.wav,media_H_por_audio,-31.224133,-22.825659
AS,New_AS_077.wav,media_H_por_audio,31.667751,-11.3984995
AS,New_AS_078.wav,media_H_por_audio,34.7908,-8.4947605
AS,New_AS_079.wav,media_H_por_audio,32.83372,-8.919418
AS,New_AS_080.wav,media_H_por_audio,35.81994,-12.53389
AS,New_AS_081.wav,media_H_por_audio,35.15902,-12.079829
AS,New_AS_082.wav,media_H_por_audio,32.165886,-13.25821
AS,New_AS_083.wav,media_H_por_audio,30.55598,-13.619726
AS,New_AS_084.wav,media_H_por_audio,34.902176,-9.736898
AS,New_AS_085.wav,media_H_por_audio,34.902523,-9.873983
AS,New_AS_086.wav,media_H_por_audio,34.041027,-13.506727
AS,New_AS_087.wav,media_H_por_audio,33.376667,-14.783422
AS,New_AS_088.wav,media_H_por_audio,33.683193,-11.451283
AS,New_AS_089.wav,media_H_por_audio,29.947115,-12.518202
AS,New_AS_090.wav,media_H_por_audio,34.802616,-7.8394938
AS,New_AS_091.wav,media_H_por_audio,35.896652,-8.628193
AS,New_AS_092.wav,media_H_por_audio,34.05992,-12.539938
AS,New_AS_093.wav,media_H_por_audio,35.52498,-11.555924
AS,New_AS_094.wav,media_H_por_audio,32.11083,-11.514342
AS,New_AS_095.wav,media_H_por_audio,30.920643,-13.86462
AS,New_AS_096.wav,media_H_por_audio,35.552845,-8.508254
AS,New_AS_097.wav,media_H_por_audio,34.431786,-8.862676
AS,New_AS_098.wav,media_H_por_audio,34.830845,-12.629766
AS,New_AS_099.wav,media_H_por_audio,35.23914,-13.866411
AS,New_AS_100.wav,media_H_por_audio,32.06409,-15.888892
AS,New_AS_101.wav,media_H_por_audio,31.065702,-11.357302
AS,New_AS_102.wav,media_H_por_audio,34.627922,-9.398016
AS,New_AS_103.wav,media_H_por_audio,33.07756,-8.914533
AS,New_AS_104.wav,media_H_por_audio,33.26189,-13.809527
AS,New_AS_105.wav,media_H_por_audio,33.187664,-12.901452
AS,New_AS_106.wav,media_H_por_audio,31.201117,-11.788425
AS,New_AS_107.wav,media_H_por_audio,32.096684,-13.518776
AS,New_AS_108.wav,media_H_por_audio,35.00295,-9.230117
AS,New_AS_109.wav,media_H_por_audio,35.441093,-8.051383
AS,New_AS_110.wav,media_H_por_audio,34.629578,-13.808199
AS,New_AS_111.wav,media_H_por_audio,32.90295,14.440073
AS,New_AS_112.wav,media_H_por_audio,32.549164,14.327695
AS,New_AS_113.wav,media_H_por_audio,32.789562,14.44326
AS,New_AS_114.wav,media_H_por_audio,32.309788,14.231762
AS,New_AS_115.wav,media_H_por_audio,34.64207,-13.22007
AS,New_AS_116.wav,media_H_por_audio,33.603123,-11.880529
AS,New_AS_117.wav,media_H_por_audio,32.12357,-13.036351
AS,New_AS_118.wav,media_H_por_audio,33.420284,-8.770103
AS,New_AS_119.wav,media_H_por_audio,35.89598,-9.294022
AS,New_AS_120.wav,media_H_por_audio,33.08751,-13.192358
AS,New_AS_121.wav,media_H_por_audio,33.458794,-13.489979
AS,New_AS_122.wav,media_H_por_audio,31.971582,-12.0165205
AS,New_AS_123.wav,media_H_por_audio,31.543415,-12.928338
AS,New_AS_124.wav,media_H_por_audio,34.620274,-8.373467
AS,New_AS_125.wav,media_H_por_audio,36.178516,-9.417153
AS,New_AS_126.wav,media_H_por_audio,34.149796,-13.761246
AS,New_AS_127.wav,media_H_por_audio,33.760803,-13.691348
AS,New_AS_128.wav,media_H_por_audio,32.105507,-15.755951
AS,New_AS_129.wav,media_H_por_audio,9.933967,-11.744102
AS,New_AS_130.wav,media_H_por_audio,10.32605,-11.946015
AS,New_AS_131.wav,media_H_por_audio,36.801643,-10.977509
AS,New_AS_132.wav,media_H_por_audio,-0.30515614,-37.607506
AS,New_AS_133.wav,media_H_por_audio,-22.758966,-5.185806
AS,New_AS_134.wav,media_H_por_audio,31.928324,-15.092614
AS,New_AS_135.wav,media_H_por_audio,-24.055056,-10.544021
AS,New_AS_136.wav,media_H_por_audio,9.979986,-11.4494505
AS,New_AS_137.wav,media_H_por_audio,10.355671,-11.699604
AS,New_AS_138.wav,media_H_por_audio,9.644742,-11.677467
AS,New_AS_139.wav,media_H_por_audio,9.352625,-11.476649
AS,New_AS_140.wav,media_H_por_audio,26.755814,-14.645314
AS,New_AS_141.wav,media_H_por_audio,26.732351,-14.653429
AS,New_AS_142.wav,media_H_por_audio,26.670145,-14.682463
AS,New_AS_143.wav,media_H_por_audio,26.728249,-14.655835
AS,New_AS_144.wav,media_H_por_audio,35.88935,0.19917315
AS,New_AS_145.wav,media_H_por_audio,35.890156,0.20320171
AS,New_AS_146.wav,media_H_por_audio,35.88816,0.2185413
AS,New_AS_147.wav,media_H_por_audio,35.89221,0.2044968
AS,New_AS_148.wav,media_H_por_audio,35.89782,0.20199408
AS,New_AS_149.wav,media_H_por_audio,35.88769,0.21040723
AS,New_AS_150.wav,media_H_por_audio,35.891388,0.20971759
AS,New_AS_151.wav,media_H_por_audio,35.88915,0.23304208
AS,New_AS_152.wav,media_H_por_audio,-6.477735,-11.28344
AS,New_AS_153.wav,media_H_por_audio,-6.46873,-11.251032
AS,New_AS_154.wav,media_H_por_audio,-6.46498,-11.237767
AS,New_AS_155.wav,media_H_por_audio,-6.474253,-11.263646
AS,New_AS_156.wav,media_H_por_audio,9.78892,-11.6399
AS,New_AS_157.wav,media_H_por_audio,10.306073,-12.035785
AS,New_AS_158.wav,media_H_por_audio,9.607106,-11.794604
AS,New_AS_159.wav,media_H_por_audio,9.25868,-11.469412
AS,New_AS_160.wav,media_H_por_audio,10.099513,-12.458125
AS,New_AS_161.wav,media_H_por_audio,10.252677,-12.623349
AS,New_AS_162.wav,media_H_por_audio,9.714253,-12.397433
AS,New_AS_163.wav,media_H_por_audio,9.289175,-12.105068
AS,New_AS_164.wav,media_H_por_audio,-23.722937,8.320552
AS,New_AS_165.wav,media_H_por_audio,-23.73911,8.298533
AS,New_AS_166.wav,media_H_por_audio,-21.934143,10.703716
AS,New_AS_167.wav,media_H_por_audio,-21.738777,10.574374
AS,New_AS_168.wav,media_H_por_audio,-21.73137,10.633061
AS,New_AS_169.wav,media_H_por_audio,-21.833002,10.145609
AS,New_AS_170.wav,media_H_por_audio,-23.737728,8.310006
AS,New_AS_171.wav,media_H_por_audio,-23.719223,8.314523
AS,New_AS_172.wav,media_H_por_audio,-21.863848,10.186206
AS,New_AS_173.wav,media_H_por_audio,-21.603298,10.514207
AS,New_AS_174.wav,media_H_por_audio,-21.679638,10.465585
AS,New_AS_175.wav,media_H_por_audio,-21.546667,10.482309
AS,New_AS_176.wav,media_H_por_audio,-21.997898,10.359789
AS,New_AS_177.wav,media_H_por_audio,-22.078741,10.328592
AS,New_AS_178.wav,media_H_por_audio,-21.84749,10.721128
AS,New_AS_179.wav,media_H_por_audio,-22.035866,10.553179
AS,New_AS_180.wav,media_H_por_audio,-24.895508,4.7482724
AS,New_AS_181.wav,media_H_por_audio,-24.894026,4.762382
AS,New_AS_182.wav,media_H_por_audio,-24.885098,4.7361
AS,New_AS_183.wav,media_H_por_audio,-24.877502,4.729486
AS,New_AS_184.wav,media_H_por_audio,10.250979,-12.34595
AS,New_AS_185.wav,media_H_por_audio,10.315523,-12.610741
AS,New_AS_186.wav,media_H_por_audio,9.821862,-12.468827
AS,New_AS_187.wav,media_H_por_audio,9.56276,-12.25128
AS,New_AS_188.wav,media_H_por_audio,34.41156,11.770018
AS,New_AS_189.wav,media_H_por_audio,34.37149,11.851835
AS,New_AS_190.wav,media_H_por_audio,-22.987467,7.5682817
AS,New_AS_191.wav,media_H_por_audio,-22.98433,7.5283613
AS,New_AS_192.wav,media_H_por_audio,-2.9825926,-8.451294
AS,New_AS_193.wav,media_H_por_audio,-2.9735935,-8.449539
AS,New_AS_194.wav,media_H_por_audio,30.730906,-7.7909336
AS,New_AS_195.wav,media_H_por_audio,30.730297,-7.7901206
AS,New_AS_196.wav,media_H_por_audio,5.5308433,26.150059
AS,New_AS_197.wav,media_H_por_audio,5.5302496,26.147848
AS,New_AS_198.wav,media_H_por_audio,5.525263,26.147284
AS,New_AS_199.wav,media_H_por_audio,5.530151,26.146626
AS,New_AS_200.wav,media_H_por_audio,5.5286446,26.144629
MR,New_MR_001.wav,media_H_por_audio,8.284287,16.518967
MR,New_MR_002.wav,media_H_por_audio,8.266515,16.502302
MR,New_MR_003.wav,media_H_por_audio,8.278943,16.520758
MR,New_MR_004.wav,media_H_por_audio,8.2661085,16.501085
MR,New_MR_011.wav,media_H_por_audio,-22.658863,-14.229757
MR,New_MR_012.wav,media_H_por_audio,-22.714323,-14.137155
MR,New_MR_013.wav,media_H_por_audio,-22.684723,-14.203759
MR,New_MR_014.wav,media_H_por_audio,-22.623886,-14.0866
MR,New_MR_017.wav,media_H_por_audio,-21.424501,-14.326803
MR,New_MR_026.wav,media_H_por_audio,8.551138,-21.895039
MR,New_MR_027.wav,media_H_por_audio,7.8089805,-24.41632
MR,New_MR_028.wav,media_H_por_audio,12.929215,-25.984013
MR,New_MR_029.wav,media_H_por_audio,7.5774937,-26.608957
MR,New_MR_030.wav,media_H_por_audio,11.676236,-22.268665
MR,New_MR_031.wav,media_H_por_audio,9.554486,-29.171524
MR,New_MR_032.wav,media_H_por_audio,8.633019,-27.34781
MR,New_MR_033.wav,media_H_por_audio,11.96255,-22.13636
MR,New_MR_034.wav,media_H_por_audio,-40.896545,6.0510526
MR,New_MR_035.wav,media_H_por_audio,-41.00286,6.1591454
MR,New_MR_036.wav,media_H_por_audio,-40.612267,5.7332788
MR,New_MR_037.wav,media_H_por_audio,-40.819153,5.9862013
MR,New_MR_038.wav,media_H_por_audio,-23.330946,-8.282847
MR,New_MR_039.wav,media_H_por_audio,-23.364643,-8.329067
MR,New_MR_040.wav,media_H_por_audio,4.130675,-25.004164
MR,New_MR_041.wav,media_H_por_audio,4.134573,-25.01636
MR,New_MR_042.wav,media_H_por_audio,4.133097,-24.997091
MR,New_MR_043.wav,media_H_por_audio,4.1318827,-24.997826
MR,New_MR_044.wav,media_H_por_audio,4.130481,-24.992048
MR,New_MR_045.wav,media_H_por_audio,4.1351476,-24.989326
MR,New_MR_046.wav,media_H_por_audio,-23.333122,-9.385886
MR,New_MR_047.wav,media_H_por_audio,-23.407457,-9.4058695
MR,New_MR_048.wav,media_H_por_audio,-23.291544,-9.446174
MR,New_MR_049.wav,media_H_por_audio,-23.1216,-9.369238
MR,New_MR_050.wav,media_H_por_audio,-23.43706,-9.326534
MR,New_MR_051.wav,media_H_por_audio,-23.339607,-9.333178
MR,New_MR_052.wav,media_H_por_audio,12.729549,-23.060211
MR,New_MR_053.wav,media_H_por_audio,9.708642,-24.555698
MR,New_MR_054.wav,media_H_por_audio,10.138054,-23.508055
MR,New_MR_055.wav,media_H_por_audio,8.3521185,-27.830488
MR,New_MR_056.wav,media_H_por_audio,9.617483,-29.254906
MR,New_MR_057.wav,media_H_por_audio,7.7873273,-28.699036
MR,New_MR_058.wav,media_H_por_audio,10.185897,-23.49058
MR,New_MR_059.wav,media_H_por_audio,12.889669,-26.987257
MR,New_MR_060.wav,media_H_por_audio,11.438131,-28.22028
MR,New_MR_061.wav,media_H_por_audio,10.834979,-30.017155
MR,New_MR_062.wav,media_H_por_audio,8.470132,-22.879774
MR,New_MR_063.wav,media_H_por_audio,8.274504,-22.678366
MR,New_MR_064.wav,media_H_por_audio,8.192235,-28.672342
MR,New_MR_065.wav,media_H_por_audio,11.212801,-25.291456
MR,New_MR_066.wav,media_H_por_audio,8.527623,-22.737303
MR,New_MR_067.wav,media_H_por_audio,7.920884,-28.43324
MR,New_MR_068.wav,media_H_por_audio,12.05703,-28.824087
MR,New_MR_069.wav,media_H_por_audio,8.945919,-27.202162
MR,New_MR_070.wav,media_H_por_audio,11.562155,-24.084373
MR,New_MR_071.wav,media_H_por_audio,10.680833,-24.540308
MR,New_MR_072.wav,media_H_por_audio,11.21292,-24.11722
MR,New_MR_073.wav,media_H_por_audio,12.576416,-23.469887
MR,New_MR_074.wav,media_H_por_audio,8.14786,-29.412123
MR,New_MR_075.wav,media_H_por_audio,12.05969,-25.20664
MR,New_MR_076.wav,media_H_por_audio,12.430931,-24.956635
MR,New_MR_077.wav,media_H_por_audio,11.754037,-27.91409
MR,New_MR_078.wav,media_H_por_audio,10.010236,-24.514536
MR,New_MR_079.wav,media_H_por_audio,10.417453,-29.646816
MR,New_MR_080.wav,media_H_por_audio,9.349257,17.217867
MR,New_MR_081.wav,media_H_por_audio,9.361448,17.227146
MR,New_MR_082.wav,media_H_por_audio,-40.99349,6.1181636
MR,New_MR_083.wav,media_H_por_audio,-41.000404,6.04438
MR,New_MR_084.wav,media_H_por_audio,-40.829746,5.8712606
MR,New_MR_085.wav,media_H_por_audio,-41.313698,5.9436655
MR,New_MR_086.wav,media_H_por_audio,-41.48092,5.8229322
MR,New_MR_087.wav,media_H_por_audio,-41.40802,5.8143272
MR,New_MR_088.wav,media_H_por_audio,-22.16649,-3.7760081
MR,New_MR_089.wav,media_H_por_audio,-22.228653,-4.424209
MR,New_MR_090.wav,media_H_por_audio,-21.751339,-3.9232879
MR,New_MR_091.wav,media_H_por_audio,-22.26618,-4.0975266
MR,New_MR_092.wav,media_H_por_audio,-22.180761,-4.304286
MR,New_MR_093.wav,media_H_por_audio,-22.211164,-3.7031815
MR,New_MR_094.wav,media_H_por_audio,-22.270723,-3.85709
MR,New_MR_095.wav,media_H_por_audio,-21.725813,-3.7981615
MR,New_MR_096.wav,media_H_por_audio,-21.727901,-3.6935933
MR,New_MR_097.wav,media_H_por_audio,-21.81103,-4.221384
MR,New_MR_098.wav,media_H_por_audio,-21.786488,-4.1316705
MR,New_MR_099.wav,media_H_por_audio,-22.295149,-4.1009297
MR,New_MR_100.wav,media_H_por_audio,-21.924294,-4.2772913
MR,New_MR_101.wav,media_H_por_audio,-21.859447,-3.637565
MR,New_MR_102.wav,media_H_por_audio,9.141394,-22.238386
MR,New_MR_103.wav,media_H_por_audio,11.599278,-23.68866
MR,New_MR_104.wav,media_H_por_audio,10.651333,-24.528635
MR,New_MR_105.wav,media_H_por_audio,7.657614,-25.852005
MR,New_MR_106.wav,media_H_por_audio,7.874304,-29.397787
MR,New_MR_107.wav,media_H_por_audio,11.60568,-27.572939
MR,New_MR_108.wav,media_H_por_audio,10.069283,-25.307169
MR,New_MR_109.wav,media_H_por_audio,8.413505,-25.286371
MR,New_MR_110.wav,media_H_por_audio,12.204285,-24.998238
MR,New_MR_111.wav,media_H_por_audio,13.36785,-23.645184
MR,New_MR_112.wav,media_H_por_audio,9.36823,-24.521648
MR,New_MR_113.wav,media_H_por_audio,12.801499,-28.255474
MR,New_MR_114.wav,media_H_por_audio,9.8270855,-28.490662
MR,New_MR_115.wav,media_H_por_audio,11.885806,-25.948984
MR,New_MR_116.wav,media_H_por_audio,11.182932,-28.221064
MR,New_MR_117.wav,media_H_por_audio,12.277063,-28.934853
MR,New_MR_118.wav,media_H_por_audio,8.866278,-22.921076
MR,New_MR_119.wav,media_H_por_audio,9.466263,-22.458193
MR,New_MR_120.wav,media_H_por_audio,12.358489,-26.368254
MR,New_MR_121.wav,media_H_por_audio,8.511573,-23.664778
MR,New_MR_122.wav,media_H_por_audio,11.13155,-27.688272
MR,New_MR_123.wav,media_H_por_audio,10.44775,-26.025467
MR,New_MR_124.wav,media_H_por_audio,10.448456,-27.227732
MR,New_MR_125.wav,media_H_por_audio,12.542131,-27.069975
MR,New_MR_126.wav,media_H_por_audio,7.77298,-22.928543
MR,New_MR_127.wav,media_H_por_audio,9.767132,-22.656645
MR,New_MR_128.wav,media_H_por_audio,8.886992,-27.248817
MR,New_MR_129.wav,media_H_por_audio,7.1777377,-23.410664
MR,New_MR_130.wav,media_H_por_audio,9.376079,-27.285818
MR,New_MR_131.wav,media_H_por_audio,10.467062,-27.258608
MR,New_MR_132.wav,media_H_por_audio,10.236107,-25.787867
MR,New_MR_133.wav,media_H_por_audio,8.885364,-28.27963
MR,New_MR_134.wav,media_H_por_audio,10.841078,-21.892494
MR,New_MR_135.wav,media_H_por_audio,11.503225,-29.186623
MR,New_MR_136.wav,media_H_por_audio,7.691526,-28.04287
MR,New_MR_137.wav,media_H_por_audio,10.62224,-23.348934
MR,New_MR_138.wav,media_H_por_audio,10.785642,-24.77237
MR,New_MR_139.wav,media_H_por_audio,8.608954,-28.425247
MR,New_MR_140.wav,media_H_por_audio,13.02932,-22.408945
MR,New_MR_141.wav,media_H_por_audio,11.819172,-24.158052
MR,New_MR_142.wav,media_H_por_audio,9.135666,-22.54747
MR,New_MR_143.wav,media_H_por_audio,8.181684,-25.04151
MR,New_MR_144.wav,media_H_por_audio,11.97046,-26.777845
MR,New_MR_145.wav,media_H_por_audio,10.811411,-29.109251
MR,New_MR_146.wav,media_H_por_audio,12.997046,-23.121687
MR,New_MR_147.wav,media_H_por_audio,11.174461,-25.272276
MR,New_MR_148.wav,media_H_por_audio,13.309423,-27.041508
MR,New_MR_149.wav,media_H_por_audio,9.851977,-24.181995
MR,New_MR_150.wav,media_H_por_audio,11.31321,-27.341967
MR,New_MR_151.wav,media_H_por_audio,12.422164,-22.028748
MR,New_MR_152.wav,media_H_por_audio,11.757759,-21.71454
MR,New_MR_153.wav,media_H_por_audio,12.059308,-23.896149
MR,New_MR_154.wav,media_H_por_audio,9.241307,-21.792955
MR,New_MR_155.wav,media_H_por_audio,7.79587,-25.444132
MR,New_MR_156.wav,media_H_por_audio,10.2084,-27.917278
MR,New_MR_157.wav,media_H_por_audio,11.687994,-29.819208
MR,New_MR_158.wav,media_H_por_audio,41.872192,2.9291546
MR,New_MR_159.wav,media_H_por_audio,41.34058,2.3335698
MR,New_MR_160.wav,media_H_por_audio,41.51537,1.4312446
MR,New_MR_161.wav,media_H_por_audio,41.488335,1.145496
MR,New_MR_162.wav,media_H_por_audio,41.280888,1.4595622
MR,New_MR_163.wav,media_H_por_audio,42.401283,2.1127408
MR,New_MR_164.wav,media_H_por_audio,40.550938,2.2102466
MR,New_MR_165.wav,media_H_por_audio,41.814484,2.4410975
MR,New_MR_166.wav,media_H_por_audio,40.98556,1.8863006
MR,New_MR_167.wav,media_H_por_audio,40.826084,2.4000175
MR,New_MR_168.wav,media_H_por_audio,40.50074,1.9175719
MR,New_MR_169.wav,media_H_por_audio,41.363956,2.6139247
MR,New_MR_170.wav,media_H_por_audio,40.405075,1.6215265
MR,New_MR_171.wav,media_H_por_audio,41.221977,1.6016362
MR,New_MR_172.wav,media_H_por_audio,42.006832,1.7688391
MR,New_MR_173.wav,media_H_por_audio,42.34131,1.5553914
MR,New_MR_174.wav,media_H_por_audio,40.831154,1.5327238
MR,New_MR_175.wav,media_H_por_audio,41.591347,1.8801221
MR,New_MR_176.wav,media_H_por_audio,40.87996,1.2029288
MR,New_MR_177.wav,media_H_por_audio,40.929573,2.1534789
MR,New_MR_178.wav,media_H_por_audio,41.890594,1.9265856
MR,New_MR_179.wav,media_H_por_audio,42.15647,1.5313658
MR,New_MR_180.wav,media_H_por_audio,41.513443,2.7986536
MR,New_MR_181.wav,media_H_por_audio,41.56259,2.1446996
MR,New_MR_182.wav,media_H_por_audio,40.955006,2.8453875
MR,New_MR_183.wav,media_H_por_audio,42.423183,2.6638443
MR,New_MR_184.wav,media_H_por_audio,42.152107,2.361789
MR,New_MR_185.wav,media_H_por_audio,41.189163,2.7437277
MR,New_MR_186.wav,media_H_por_audio,-23.513374,21.28716
MR,New_MR_187.wav,media_H_por_audio,-23.552938,21.19132
MR,New_MR_188.wav,media_H_por_audio,-23.503632,21.309557
MR,New_MR_189.wav,media_H_por_audio,-23.54761,21.21034
MR,New_MR_190.wav,media_H_por_audio,-23.269493,21.900747
MR,New_MR_191.wav,media_H_por_audio,-23.229088,22.006664
MR,New_MR_192.wav,media_H_por_audio,-23.243765,21.968477
MR,New_MR_193.wav,media_H_por_audio,-23.250547,21.949162
MR,New_MR_194.wav,media_H_por_audio,-24.76564,11.121539
MR,New_MR_195.wav,media_H_por_audio,-24.799994,11.120525
MR,New_MR_196.wav,media_H_por_audio,-24.84464,11.1728
MR,New_MR_197.wav,media_H_por_audio,-24.81236,11.137709
MR,New_MR_198.wav,media_H_por_audio,-24.839226,11.176377
MR,New_MR_199.wav,media_H_por_audio,-24.827549,11.153885
MR,New_MR_200.wav,media_H_por_audio,-24.822348,11.148747
MS,New_MS_001.wav,media_H_por_audio,8.102303,13.503391
MS,New_MS_002.wav,media_H_por_audio,8.097459,13.516432
MS,New_MS_003.wav,media_H_por_audio,8.09542,13.492552
MS,New_MS_004.wav,media_H_por_audio,8.090404,13.491831
MS,New_MS_015.wav,media_H_por_audio,-1.1029744,1.6951004
MS,New_MS_016.wav,media_H_por_audio,-17.550392,-0.804274
MS,New_MS_017.wav,media_H_por_audio,2.0810466,1.966613
MS,New_MS_018.wav,media_H_por_audio,1.9280565,1.936111
MS,New_MS_019.wav,media_H_por_audio,1.9602147,1.9250671
MS,New_MS_020.wav,media_H_por_audio,1.9253447,1.9183704
MS,New_MS_021.wav,media_H_por_audio,11.132574,4.901484
MS,New_MS_022.wav,media_H_por_audio,11.330552,4.9885354
MS,New_MS_023.wav,media_H_por_audio,5.616393,11.251498
MS,New_MS_024.wav,media_H_por_audio,5.6567855,8.247417
MS,New_MS_025.wav,media_H_por_audio,12.190118,5.399334
MS,New_MS_026.wav,media_H_por_audio,13.518889,5.9241037
MS,New_MS_027.wav,media_H_por_audio,6.5888014,8.36509
MS,New_MS_028.wav,media_H_por_audio,4.2545652,10.144258
MS,New_MS_029.wav,media_H_por_audio,13.138832,4.9338074
MS,New_MS_031.wav,media_H_por_audio,5.468526,9.169264
MS,New_MS_032.wav,media_H_por_audio,5.4605837,9.49101
MS,New_MS_033.wav,media_H_por_audio,12.480236,7.640035
MS,New_MS_034.wav,media_H_por_audio,11.284563,5.3721967
MS,New_MS_035.wav,media_H_por_audio,5.531501,10.267202
MS,New_MS_036.wav,media_H_por_audio,6.6688643,10.003829
MS,New_MS_037.wav,media_H_por_audio,11.07658,6.223568
MS,New_MS_038.wav,media_H_por_audio,14.010938,6.69982
MS,New_MS_039.wav,media_H_por_audio,6.319813,9.680782
MS,New_MS_041.wav,media_H_por_audio,12.909582,4.5511312
MS,New_MS_042.wav,media_H_por_audio,11.763494,5.997113
MS,New_MS_043.wav,media_H_por_audio,6.795615,8.194117
MS,New_MS_044.wav,media_H_por_audio,4.6610155,9.251678
MS,New_MS_045.wav,media_H_por_audio,13.806645,6.4991584
MS,New_MS_046.wav,media_H_por_audio,11.245268,6.267162
MS,New_MS_047.wav,media_H_por_audio,12.140453,5.476124
MS,New_MS_048.wav,media_H_por_audio,11.274983,7.002225
MS,New_MS_049.wav,media_H_por_audio,-2.2166007,-3.1313436
MS,New_MS_050.wav,media_H_por_audio,-2.2001007,-2.6326218
MS,New_MS_051.wav,media_H_por_audio,-2.245719,-2.912012
MS,New_MS_052.wav,media_H_por_audio,-2.188517,-2.7610314
MS,New_MS_053.wav,media_H_por_audio,10.237354,10.487221
MS,New_MS_054.wav,media_H_por_audio,10.177587,10.502499
MS,New_MS_055.wav,media_H_por_audio,10.190693,10.547539
MS,New_MS_056.wav,media_H_por_audio,10.049105,10.478747
MS,New_MS_057.wav,media_H_por_audio,10.258507,10.506527
MS,New_MS_058.wav,media_H_por_audio,10.249022,10.513824
MS,New_MS_059.wav,media_H_por_audio,5.4061427,8.572981
MS,New_MS_060.wav,media_H_por_audio,5.2376385,10.731036
MS,New_MS_061.wav,media_H_por_audio,12.17846,4.6620936
MS,New_MS_062.wav,media_H_por_audio,13.6484995,5.841511
MS,New_MS_063.wav,media_H_por_audio,4.7982244,9.6381235
MS,New_MS_064.wav,media_H_por_audio,6.143209,8.240164
MS,New_MS_065.wav,media_H_por_audio,13.432925,7.3916287
MS,New_MS_066.wav,media_H_por_audio,13.865662,5.9450865
MS,New_MS_067.wav,media_H_por_audio,4.2751775,10.423311
MS,New_MS_068.wav,media_H_por_audio,5.722386,9.986269
MS,New_MS_069.wav,media_H_por_audio,13.326301,6.420035
MS,New_MS_070.wav,media_H_por_audio,13.339981,7.8077893
MS,New_MS_071.wav,media_H_por_audio,7.471066,9.295208
MS,New_MS_072.wav,media_H_por_audio,6.444512,8.399376
MS,New_MS_073.wav,media_H_por_audio,12.541684,5.7757955
MS,New_MS_074.wav,media_H_por_audio,12.665897,6.1428638
MS,New_MS_075.wav,media_H_por_audio,5.029979,10.9170885
MS,New_MS_076.wav,media_H_por_audio,6.486225,10.2027445
MS,New_MS_077.wav,media_H_por_audio,10.27946,6.257808
MS,New_MS_078.wav,media_H_por_audio,13.439068,6.114402
MS,New_MS_079.wav,media_H_por_audio,5.831248,9.489523
MS,New_MS_080.wav,media_H_por_audio,5.645444,9.634347
MS,New_MS_081.wav,media_H_por_audio,12.417901,4.3197055
MS,New_MS_082.wav,media_H_por_audio,12.832993,4.868893
MS,New_MS_083.wav,media_H_por_audio,6.6219063,10.614945
MS,New_MS_084.wav,media_H_por_audio,6.1527696,10.572435
MS,New_MS_085.wav,media_H_por_audio,12.365299,6.270396
MS,New_MS_086.wav,media_H_por_audio,11.947881,6.979794
MS,New_MS_087.wav,media_H_por_audio,-17.496143,-0.58728987
MS,New_MS_088.wav,media_H_por_audio,-1.0755651,1.6888412
MS,New_MS_089.wav,media_H_por_audio,-17.547836,-0.80707765
MS,New_MS_090.wav,media_H_por_audio,-2.6809535,-6.5855846
MS,New_MS_091.wav,media_H_por_audio,-2.4273927,-4.4842796
MS,New_MS_092.wav,media_H_por_audio,-4.417089,-6.573186
MS,New_MS_093.wav,media_H_por_audio,-1.9524188,-4.6049366
MS,New_MS_094.wav,media_H_por_audio,-1.9497647,-4.743727
MS,New_MS_095.wav,media_H_por_audio,-2.8033803,-5.273904
MS,New_MS_096.wav,media_H_por_audio,-3.64406,-7.6030555
MS,New_MS_097.wav,media_H_por_audio,-3.3355885,-5.584444
MS,New_MS_098.wav,media_H_por_audio,-4.6202936,-6.455641
MS,New_MS_099.wav,media_H_por_audio,-3.5507004,-3.9890904
MS,New_MS_100.wav,media_H_por_audio,-2.3548396,-4.199568
MS,New_MS_101.wav,media_H_por_audio,-3.896383,-5.703783
MS,New_MS_102.wav,media_H_por_audio,-3.539905,-6.45237
MS,New_MS_103.wav,media_H_por_audio,-3.037256,-4.663904
MS,New_MS_104.wav,media_H_por_audio,-3.9444292,-5.5056496
MS,New_MS_105.wav,media_H_por_audio,-2.3835673,-4.013172
MS,New_MS_106.wav,media_H_por_audio,-2.9488177,-6.235201
MS,New_MS_107.wav,media_H_por_audio,-2.485142,-5.78125
MS,New_MS_108.wav,media_H_por_audio,-2.989994,-5.533669
MS,New_MS_109.wav,media_H_por_audio,-3.5528464,-6.33965
MS,New_MS_110.wav,media_H_por_audio,-2.3537073,-5.409934
MS,New_MS_111.wav,media_H_por_audio,-2.6792712,-6.2314215
MS,New_MS_112.wav,media_H_por_audio,-3.005889,-5.067895
MS,New_MS_113.wav,media_H_por_audio,-5.80566,-7.274164
MS,New_MS_114.wav,media_H_por_audio,-3.3336444,-4.9376616
MS,New_MS_115.wav,media_H_por_audio,-2.646519,-4.874816
MS,New_MS_116.wav,media_H_por_audio,-3.4278018,-5.783255
MS,New_MS_117.wav,media_H_por_audio,-3.6100483,-5.070842
MS,New_MS_118.wav,media_H_por_audio,-17.551455,-0.80647355
MS,New_MS_119.wav,media_H_por_audio,4.421818,4.939943
MS,New_MS_120.wav,media_H_por_audio,4.4105897,4.922766
MS,New_MS_121.wav,media_H_por_audio,4.412556,4.924036
MS,New_MS_122.wav,media_H_por_audio,4.4048977,4.9169908
MS,New_MS_123.wav,media_H_por_audio,4.4044147,4.918993
MS,New_MS_125.wav,media_H_por_audio,-1.539567,7.063358
MS,New_MS_126.wav,media_H_por_audio,-1.539739,7.062755
MS,New_MS_127.wav,media_H_por_audio,-1.5367837,7.0656886
MS,New_MS_128.wav,media_H_por_audio,-1.5413247,7.063522
MS,New_MS_129.wav,media_H_por_audio,-9.692617,-4.9787173
MS,New_MS_130.wav,media_H_por_audio,-10.357702,-5.8431215
MS,New_MS_131.wav,media_H_por_audio,-9.855743,-4.543853
MS,New_MS_132.wav,media_H_por_audio,-9.811244,-6.3675675
MS,New_MS_133.wav,media_H_por_audio,-11.539373,-5.5433965
MS,New_MS_134.wav,media_H_por_audio,-8.267983,-5.6514807
MS,New_MS_135.wav,media_H_por_audio,-7.01445,-4.180126
MS,New_MS_136.wav,media_H_por_audio,-5.4344645,-5.3457694
MS,New_MS_137.wav,media_H_por_audio,-6.002317,-5.7251782
MS,New_MS_138.wav,media_H_por_audio,-6.3372903,-4.3046365
MS,New_MS_139.wav,media_H_por_audio,-9.253305,-4.8180437
MS,New_MS_140.wav,media_H_por_audio,-7.029659,-6.713165
MS,New_MS_141.wav,media_H_por_audio,-6.661129,-5.331604
MS,New_MS_142.wav,media_H_por_audio,-7.224286,-6.01063
MS,New_MS_143.wav,media_H_por_audio,-9.859081,-5.011101
MS,New_MS_144.wav,media_H_por_audio,-10.227359,-5.0683165
MS,New_MS_145.wav,media_H_por_audio,-9.814603,-4.8810005
MS,New_MS_146.wav,media_H_por_audio,-9.587613,-6.306524
MS,New_MS_147.wav,media_H_por_audio,-11.395157,-5.370879
MS,New_MS_148.wav,media_H_por_audio,-8.542545,-5.4407434
MS,New_MS_149.wav,media_H_por_audio,-6.976902,-4.1334968
MS,New_MS_150.wav,media_H_por_audio,-5.231225,-5.573332
MS,New_MS_151.wav,media_H_por_audio,-5.243441,-5.445896
MS,New_MS_152.wav,media_H_por_audio,-6.4281726,-3.9529402
MS,New_MS_153.wav,media_H_por_audio,-8.699064,-5.131017
MS,New_MS_154.wav,media_H_por_audio,-7.014651,-6.7591105
MS,New_MS_155.wav,media_H_por_audio,-7.392127,-5.481334
MS,New_MS_156.wav,media_H_por_audio,-6.9988527,-5.833567
MS,New_MS_157.wav,media_H_por_audio,-10.449369,-5.0581365
MS,New_MS_158.wav,media_H_por_audio,-10.314224,-5.733515
MS,New_MS_159.wav,media_H_por_audio,-10.384722,-5.544546
MS,New_MS_160.wav,media_H_por_audio,-10.148479,-6.590903
MS,New_MS_161.wav,media_H_por_audio,-11.548518,-5.436855
MS,New_MS_162.wav,media_H_por_audio,-8.214501,-5.455768
MS,New_MS_163.wav,media_H_por_audio,-5.0823975,-5.766897
MS,New_MS_164.wav,media_H_por_audio,-5.0797443,-4.896046
MS,New_MS_165.wav,media_H_por_audio,-8.91978,-6.1924477
MS,New_MS_166.wav,media_H_por_audio,-7.7739444,-5.9564147
MS,New_MS_167.wav,media_H_por_audio,-5.517103,-5.7273493
MS,New_MS_168.wav,media_H_por_audio,-8.033875,-5.561944
MS,New_MS_169.wav,media_H_por_audio,-24.918133,-14.444561
MS,New_MS_170.wav,media_H_por_audio,-24.865788,-14.413362
MS,New_MS_171.wav,media_H_por_audio,-24.835068,-14.438789
MS,New_MS_172.wav,media_H_por_audio,-20.64008,-16.968874
MS,New_MS_173.wav,media_H_por_audio,-20.665617,-16.946575
MS,New_MS_174.wav,media_H_por_audio,-20.485693,-17.113783
MS,New_MS_175.wav,media_H_por_audio,-20.547619,-17.062176
MS,New_MS_176.wav,media_H_por_audio,-20.536383,-17.050594
MS,New_MS_177.wav,media_H_por_audio,-20.730368,-16.811453
MS,New_MS_178.wav,media_H_por_audio,-20.407654,-17.202097
MS,New_MS_179.wav,media_H_por_audio,-20.465836,-17.1399
MS,New_MS_180.wav,media_H_por_audio,5.1406317,7.98393
MS,New_MS_181.wav,media_H_por_audio,4.891335,9.17991
MS,New_MS_182.wav,media_H_por_audio,11.383386,7.232703
MS,New_MS_183.wav,media_H_por_audio,13.115465,6.1153092
MS,New_MS_184.wav,media_H_por_audio,4.1692147,10.629575
MS,New_MS_185.wav,media_H_por_audio,4.987252,10.901098
MS,New_MS_186.wav,media_H_por_audio,10.817517,5.8814692
MS,New_MS_187.wav,media_H_por_audio,13.152273,7.177332
MS,New_MS_188.wav,media_H_por_audio,4.92079,9.745979
MS,New_MS_189.wav,media_H_por_audio,6.8214583,8.886689
MS,New_MS_190.wav,media_H_por_audio,13.070695,5.477483
MS,New_MS_192.wav,media_H_por_audio,5.3250527,10.175197
MS,New_MS_193.wav,media_H_por_audio,7.1174135,9.6837
MS,New_MS_194.wav,media_H_por_audio,12.085611,6.2616158
MS,New_MS_195.wav,media_H_por_audio,12.993972,4.074264
MS,New_MS_196.wav,media_H_por_audio,5.701119,10.286308
MS,New_MS_197.wav,media_H_por_audio,6.823411,7.4979672
MS,New_MS_198.wav,media_H_por_audio,12.185149,7.1641917
MS,New_MS_199.wav,media_H_por_audio,12.826267,7.0885572
MS,New_MS_200.wav,media_H_por_audio,6.7978244,10.26172
MVP,New_MVP_001.wav,media_H_por_audio,-0.6831682,-6.5692563
MVP,New_MVP_002.wav,media_H_por_audio,2.601661,2.1089568
MVP,New_MVP_003.wav,media_H_por_audio,-0.6309958,-6.489997
MVP,New_MVP_004.wav,media_H_por_audio,-21.206186,29.780506
MVP,New_MVP_005.wav,media_H_por_audio,-22.063318,29.843616
MVP,New_MVP_006.wav,media_H_por_audio,-21.449991,28.928587
MVP,New_MVP_007.wav,media_H_por_audio,-22.66642,28.288288
MVP,New_MVP_008.wav,media_H_por_audio,-22.058859,28.901287
MVP,New_MVP_009.wav,media_H_por_audio,-20.608208,29.258127
MVP,New_MVP_010.wav,media_H_por_audio,-20.763039,29.459085
MVP,New_MVP_011.wav,media_H_por_audio,-21.18998,28.488523
MVP,New_MVP_012.wav,media_H_por_audio,-21.410145,28.993652
MVP,New_MVP_013.wav,media_H_por_audio,-21.211666,29.459375
MVP,New_MVP_014.wav,media_H_por_audio,-22.783066,28.345594
MVP,New_MVP_015.wav,media_H_por_audio,-22.014053,28.009611
MVP,New_MVP_016.wav,media_H_por_audio,-22.03458,29.612524
MVP,New_MVP_017.wav,media_H_por_audio,-21.730436,29.066298
MVP,New_MVP_018.wav,media_H_por_audio,-22.707043,28.907177
MVP,New_MVP_019.wav,media_H_por_audio,-22.079897,28.891037
MVP,New_MVP_020.wav,media_H_por_audio,-21.996588,28.865154
MVP,New_MVP_021.wav,media_H_por_audio,-22.501404,29.026382
MVP,New_MVP_022.wav,media_H_por_audio,-20.594,28.753939
MVP,New_MVP_023.wav,media_H_por_audio,-21.148026,28.019018
MVP,New_MVP_024.wav,media_H_por_audio,-21.928541,27.979374
MVP,New_MVP_025.wav,media_H_por_audio,-20.941622,28.78203
MVP,New_MVP_026.wav,media_H_por_audio,-22.01469,29.333822
MVP,New_MVP_027.wav,media_H_por_audio,-21.485498,29.757578
MVP,New_MVP_028.wav,media_H_por_audio,-22.041035,28.168695
MVP,New_MVP_029.wav,media_H_por_audio,-21.897621,28.382471
MVP,New_MVP_030.wav,media_H_por_audio,-23.365015,15.846066
MVP,New_MVP_031.wav,media_H_por_audio,-22.697676,15.646181
MVP,New_MVP_032.wav,media_H_por_audio,-21.238392,17.354076
MVP,New_MVP_033.wav,media_H_por_audio,-23.406933,17.431126
MVP,New_MVP_034.wav,media_H_por_audio,-21.499556,17.415262
MVP,New_MVP_035.wav,media_H_por_audio,-21.692913,17.448233
MVP,New_MVP_036.wav,media_H_por_audio,-22.145655,17.225256
MVP,New_MVP_037.wav,media_H_por_audio,-22.809542,17.82793
MVP,New_MVP_038.wav,media_H_por_audio,-21.411362,16.664843
MVP,New_MVP_039.wav,media_H_por_audio,-22.542027,16.353283
MVP,New_MVP_040.wav,media_H_por_audio,-22.779207,17.19885
MVP,New_MVP_041.wav,media_H_por_audio,-22.690271,16.795692
MVP,New_MVP_042.wav,media_H_por_audio,-21.797018,15.460022
MVP,New_MVP_043.wav,media_H_por_audio,-21.551157,15.986077
MVP,New_MVP_044.wav,media_H_por_audio,-23.419312,16.417149
MVP,New_MVP_045.wav,media_H_por_audio,-21.482924,17.613798
MVP,New_MVP_046.wav,media_H_por_audio,-22.632566,17.434042
MVP,New_MVP_047.wav,media_H_por_audio,-23.372744,18.02644
MVP,New_MVP_048.wav,media_H_por_audio,-21.120186,16.72415
MVP,New_MVP_049.wav,media_H_por_audio,-21.129889,16.30639
MVP,New_MVP_050.wav,media_H_por_audio,-23.127302,16.92397
MVP,New_MVP_051.wav,media_H_por_audio,-23.468048,16.85218
MVP,New_MVP_052.wav,media_H_por_audio,-21.46562,16.528921
MVP,New_MVP_053.wav,media_H_por_audio,-22.028109,16.58412
MVP,New_MVP_054.wav,media_H_por_audio,-22.858362,16.068773
MVP,New_MVP_055.wav,media_H_por_audio,-21.92786,17.580189
MVP,New_MVP_056.wav,media_H_por_audio,-22.803118,16.31466
MVP,New_MVP_057.wav,media_H_por_audio,-21.054548,16.473015
MVP,New_MVP_058.wav,media_H_por_audio,-21.989159,15.790611
MVP,New_MVP_059.wav,media_H_por_audio,-22.974943,16.22404
MVP,New_MVP_060.wav,media_H_por_audio,-22.69123,17.747095
MVP,New_MVP_061.wav,media_H_por_audio,-22.973835,18.583641
MVP,New_MVP_062.wav,media_H_por_audio,-23.104763,17.322906
MVP,New_MVP_063.wav,media_H_por_audio,-21.700602,16.195585
MVP,New_MVP_064.wav,media_H_por_audio,-44.41714,3.5344336
MVP,New_MVP_065.wav,media_H_por_audio,-43.668686,3.4219563
MVP,New_MVP_066.wav,media_H_por_audio,-43.295612,3.9220905
MVP,New_MVP_067.wav,media_H_por_audio,-42.031246,3.252697
MVP,New_MVP_068.wav,media_H_por_audio,-41.996582,3.3737648
MVP,New_MVP_069.wav,media_H_por_audio,-42.66049,1.999089
MVP,New_MVP_070.wav,media_H_por_audio,-44.06086,2.468263
MVP,New_MVP_071.wav,media_H_por_audio,-43.306854,3.0204618
MVP,New_MVP_072.wav,media_H_por_audio,-43.111526,1.9869657
MVP,New_MVP_073.wav,media_H_por_audio,-42.7439,2.2999227
MVP,New_MVP_074.wav,media_H_por_audio,-44.94838,2.2834466
MVP,New_MVP_075.wav,media_H_por_audio,-42.697433,2.391049
MVP,New_MVP_076.wav,media_H_por_audio,-43.538307,2.9415932
MVP,New_MVP_077.wav,media_H_por_audio,-41.85313,2.4571607
MVP,New_MVP_078.wav,media_H_por_audio,-44.06122,3.9000785
MVP,New_MVP_079.wav,media_H_por_audio,-42.396286,3.3666365
MVP,New_MVP_080.wav,media_H_por_audio,-42.631683,3.9394596
MVP,New_MVP_081.wav,media_H_por_audio,-44.23004,2.1388588
MVP,New_MVP_082.wav,media_H_por_audio,-43.324047,2.3918686
MVP,New_MVP_083.wav,media_H_por_audio,-42.105705,4.4202423
MVP,New_MVP_084.wav,media_H_por_audio,-44.112667,2.5764928
MVP,New_MVP_085.wav,media_H_por_audio,-43.252735,3.1987696
MVP,New_MVP_086.wav,media_H_por_audio,-44.151646,3.2369375
MVP,New_MVP_087.wav,media_H_por_audio,-42.0779,2.8892307
MVP,New_MVP_088.wav,media_H_por_audio,-42.765656,3.5902488
MVP,New_MVP_089.wav,media_H_por_audio,-42.19147,2.6928718
MVP,New_MVP_090.wav,media_H_por_audio,-42.931206,3.0347507
MVP,New_MVP_091.wav,media_H_por_audio,-43.93244,3.9234822
MVP,New_MVP_092.wav,media_H_por_audio,-42.952793,2.8206801
MVP,New_MVP_093.wav,media_H_por_audio,-44.54278,2.5140736
MVP,New_MVP_094.wav,media_H_por_audio,-42.83447,4.02146
MVP,New_MVP_095.wav,media_H_por_audio,-43.23084,3.626297
MVP,New_MVP_096.wav,media_H_por_audio,-43.731857,3.354692
MVP,New_MVP_097.wav,media_H_por_audio,-44.496407,2.8390284
MVP,New_MVP_104.wav,media_H_por_audio,-9.181465,-4.1078863
MVP,New_MVP_105.wav,media_H_por_audio,-17.910822,-21.981785
MVP,New_MVP_106.wav,media_H_por_audio,-18.491322,-20.901894
MVP,New_MVP_107.wav,media_H_por_audio,-18.488356,-20.929134
MVP,New_MVP_108.wav,media_H_por_audio,-18.743433,-20.503721
MVP,New_MVP_109.wav,media_H_por_audio,-24.054268,-13.626303
MVP,New_MVP_110.wav,media_H_por_audio,-24.085644,-13.514124
MVP,New_MVP_111.wav,media_H_por_audio,-21.46307,-10.864959
MVP,New_MVP_112.wav,media_H_por_audio,-22.235601,-10.854128
MVP,New_MVP_113.wav,media_H_por_audio,-22.149336,-11.062252
MVP,New_MVP_114.wav,media_H_por_audio,-21.747536,-10.164778
MVP,New_MVP_115.wav,media_H_por_audio,-21.901043,-11.223607
MVP,New_MVP_116.wav,media_H_por_audio,-21.42425,-10.836511
MVP,New_MVP_117.wav,media_H_por_audio,-21.447178,-10.93458
MVP,New_MVP_118.wav,media_H_por_audio,-21.99419,-11.126828
MVP,New_MVP_119.wav,media_H_por_audio,-21.372534,-10.815356
MVP,New_MVP_120.wav,media_H_por_audio,-22.27914,-10.674824
MVP,New_MVP_121.wav,media_H_por_audio,-21.976002,-11.227199
MVP,New_MVP_122.wav,media_H_por_audio,-21.710037,-10.251794
MVP,New_MVP_123.wav,media_H_por_audio,-0.3757684,-38.57306
MVP,New_MVP_124.wav,media_H_por_audio,-0.36411268,-38.931084
MVP,New_MVP_125.wav,media_H_por_audio,-0.38097993,-40.717995
MVP,New_MVP_126.wav,media_H_por_audio,-0.28903767,-41.628765
MVP,New_MVP_127.wav,media_H_por_audio,0.034198355,-43.845722
MVP,New_MVP_128.wav,media_H_por_audio,-0.43390238,-44.168034
MVP,New_MVP_129.wav,media_H_por_audio,-0.51541615,-44.428787
MVP,New_MVP_130.wav,media_H_por_audio,-0.11822315,-42.56138
MVP,New_MVP_131.wav,media_H_por_audio,-0.35929972,-38.404152
MVP,New_MVP_132.wav,media_H_por_audio,-0.33781973,-39.6355
MVP,New_MVP_133.wav,media_H_por_audio,-0.05169602,-41.401615
MVP,New_MVP_135.wav,media_H_por_audio,0.10345678,-45.0619
MVP,New_MVP_136.wav,media_H_por_audio,0.34413344,-44.460735
MVP,New_MVP_139.wav,media_H_por_audio,-0.35690513,-38.916985
MVP,New_MVP_140.wav,media_H_por_audio,-0.34624946,-39.744717
MVP,New_MVP_141.wav,media_H_por_audio,-0.18706135,-41.691116
MVP,New_MVP_142.wav,media_H_por_audio,-0.14408812,-43.181427
MVP,New_MVP_143.wav,media_H_por_audio,-0.37274742,-44.35493
MVP,New_MVP_144.wav,media_H_por_audio,-0.2816973,-44.004707
MVP,New_MVP_145.wav,media_H_por_audio,-0.1414288,-42.43314
MVP,New_MVP_146.wav,media_H_por_audio,-0.3685266,-38.43773
MVP,New_MVP_147.wav,media_H_por_audio,-0.35545504,-39.63477
MVP,New_MVP_148.wav,media_H_por_audio,-0.18987751,-40.728783
MVP,New_MVP_150.wav,media_H_por_audio,0.38422096,-44.010296
MVP,New_MVP_151.wav,media_H_por_audio,-0.09589519,-44.70497
MVP,New_MVP_153.wav,media_H_por_audio,-0.2020108,-40.75532
MVP,New_MVP_154.wav,media_H_por_audio,-0.39619553,-38.412727
MVP,New_MVP_156.wav,media_H_por_audio,-0.31391102,-41.26492
MVP,New_MVP_157.wav,media_H_por_audio,-0.111124374,-43.11002
MVP,New_MVP_158.wav,media_H_por_audio,0.35140824,-44.88511
MVP,New_MVP_159.wav,media_H_por_audio,0.40234023,-44.225193
MVP,New_MVP_160.wav,media_H_por_audio,0.34037387,-43.74423
MVP,New_MVP_161.wav,media_H_por_audio,-0.3623667,-38.376667
MVP,New_MVP_162.wav,media_H_por_audio,-0.37974367,-38.991615
MVP,New_MVP_163.wav,media_H_por_audio,-0.3121665,-40.48138
MVP,New_MVP_164.wav,media_H_por_audio,-0.10590029,-41.607834
MVP,New_MVP_165.wav,media_H_por_audio,0.45686936,-43.96796
MVP,New_MVP_166.wav,media_H_por_audio,-0.23861493,-44.16781
MVP,New_MVP_168.wav,media_H_por_audio,-0.14432971,-42.344994
MVP,New_MVP_169.wav,media_H_por_audio,-0.398999,-38.42188
MVP,New_MVP_170.wav,media_H_por_audio,-0.30761945,-39.590416
MVP,New_MVP_171.wav,media_H_por_audio,-0.4824392,-41.373127
MVP,New_MVP_173.wav,media_H_por_audio,0.33393067,-44.842873
MVP,New_MVP_174.wav,media_H_por_audio,-0.1834401,-44.67338
MVP,New_MVP_175.wav,media_H_por_audio,-21.537066,-10.282678
MVP,New_MVP_176.wav,media_H_por_audio,-22.328182,-10.557574
MVP,New_MVP_177.wav,media_H_por_audio,-6.3660316,-8.043098
MVP,New_MVP_178.wav,media_H_por_audio,-6.4255347,-8.00607
MVP,New_MVP_179.wav,media_H_por_audio,-21.986647,-15.622915
MVP,New_MVP_180.wav,media_H_por_audio,-22.007902,-15.568346
MVP,New_MVP_181.wav,media_H_por_audio,-22.01097,-15.518746
MVP,New_MVP_182.wav,media_H_por_audio,-21.937998,-15.727387
MVP,New_MVP_183.wav,media_H_por_audio,-22.020874,-15.6134815
MVP,New_MVP_184.wav,media_H_por_audio,-21.898249,-15.655571
MVP,New_MVP_185.wav,media_H_por_audio,-21.622229,-10.30917
MVP,New_MVP_186.wav,media_H_por_audio,-22.095701,-10.490988
MVP,New_MVP_187.wav,media_H_por_audio,-21.449783,-10.358005
MVP,New_MVP_188.wav,media_H_por_audio,-22.241282,-10.564002
MVP,New_MVP_189.wav,media_H_por_audio,-20.15274,-10.421177
MVP,New_MVP_190.wav,media_H_por_audio,-20.209934,-10.411382
MVP,New_MVP_196.wav,media_H_por_audio,-2.8099546,38.376225
MVP,New_MVP_197.wav,media_H_por_audio,8.299942,-18.915068
MVP,New_MVP_198.wav,media_H_por_audio,8.301054,-18.923582
MVP,New_MVP_199.wav,media_H_por_audio,-4.751545,-2.6588078
MVP,New_MVP_200.wav,media_H_por_audio,-4.7032914,-2.6309683
